algorithm,mode,threads,arraySize,inputType,sample,executionTimeNs,executionTimeMs,sortedCorrectly
"Quick Sort","serial",1,100000,"random",1,15652611,15.652611,true
"Quick Sort","parallel",2,100000,"random",1,15851216,15.851216,true
"Quick Sort","parallel",4,100000,"random",1,3427024,3.427024,true
"Quick Sort","parallel",8,100000,"random",1,2702686,2.702686,true
"Quick Sort","serial",1,100000,"random",2,7376101,7.376101,true
"Quick Sort","parallel",2,100000,"random",2,4602023,4.602023,true
"Quick Sort","parallel",4,100000,"random",2,3941644,3.941644,true
"Quick Sort","parallel",8,100000,"random",2,3050605,3.050605,true
"Quick Sort","serial",1,100000,"random",3,7579015,7.579015,true
"Quick Sort","parallel",2,100000,"random",3,4251259,4.251259,true
"Quick Sort","parallel",4,100000,"random",3,3379845,3.379845,true
"Quick Sort","parallel",8,100000,"random",3,3104915,3.104915,true
"Quick Sort","serial",1,100000,"random",4,7271026,7.271026,true
"Quick Sort","parallel",2,100000,"random",4,4261524,4.261524,true
"Quick Sort","parallel",4,100000,"random",4,3470920,3.470920,true
"Quick Sort","parallel",8,100000,"random",4,4236682,4.236682,true
"Quick Sort","serial",1,100000,"random",5,9085787,9.085787,true
"Quick Sort","parallel",2,100000,"random",5,4008542,4.008542,true
"Quick Sort","parallel",4,100000,"random",5,2956567,2.956567,true
"Quick Sort","parallel",8,100000,"random",5,3150165,3.150165,true
"Quick Sort","serial",1,100000,"sorted",1,2388834,2.388834,true
"Quick Sort","parallel",2,100000,"sorted",1,1699690,1.699690,true
"Quick Sort","parallel",4,100000,"sorted",1,1288954,1.288954,true
"Quick Sort","parallel",8,100000,"sorted",1,961842,0.961842,true
"Quick Sort","serial",1,100000,"sorted",2,2526980,2.526980,true
"Quick Sort","parallel",2,100000,"sorted",2,1681608,1.681608,true
"Quick Sort","parallel",4,100000,"sorted",2,1682234,1.682234,true
"Quick Sort","parallel",8,100000,"sorted",2,1176397,1.176397,true
"Quick Sort","serial",1,100000,"sorted",3,1735951,1.735951,true
"Quick Sort","parallel",2,100000,"sorted",3,1110441,1.110441,true
"Quick Sort","parallel",4,100000,"sorted",3,854624,0.854624,true
"Quick Sort","parallel",8,100000,"sorted",3,798247,0.798247,true
"Quick Sort","serial",1,100000,"sorted",4,1543958,1.543958,true
"Quick Sort","parallel",2,100000,"sorted",4,1266013,1.266013,true
"Quick Sort","parallel",4,100000,"sorted",4,1442687,1.442687,true
"Quick Sort","parallel",8,100000,"sorted",4,1042243,1.042243,true
"Quick Sort","serial",1,100000,"sorted",5,1467417,1.467417,true
"Quick Sort","parallel",2,100000,"sorted",5,1085819,1.085819,true
"Quick Sort","parallel",4,100000,"sorted",5,800907,0.800907,true
"Quick Sort","parallel",8,100000,"sorted",5,1058398,1.058398,true
"Quick Sort","serial",1,100000,"reversed",1,3569217,3.569217,true
"Quick Sort","parallel",2,100000,"reversed",1,3126689,3.126689,true
"Quick Sort","parallel",4,100000,"reversed",1,1703000,1.703000,true
"Quick Sort","parallel",8,100000,"reversed",1,1429614,1.429614,true
"Quick Sort","serial",1,100000,"reversed",2,3323007,3.323007,true
"Quick Sort","parallel",2,100000,"reversed",2,1954218,1.954218,true
"Quick Sort","parallel",4,100000,"reversed",2,1253483,1.253483,true
"Quick Sort","parallel",8,100000,"reversed",2,1765170,1.765170,true
"Quick Sort","serial",1,100000,"reversed",3,3328803,3.328803,true
"Quick Sort","parallel",2,100000,"reversed",3,2091393,2.091393,true
"Quick Sort","parallel",4,100000,"reversed",3,1253064,1.253064,true
"Quick Sort","parallel",8,100000,"reversed",3,1221305,1.221305,true
"Quick Sort","serial",1,100000,"reversed",4,3219385,3.219385,true
"Quick Sort","parallel",2,100000,"reversed",4,2039530,2.039530,true
"Quick Sort","parallel",4,100000,"reversed",4,2430635,2.430635,true
"Quick Sort","parallel",8,100000,"reversed",4,1255961,1.255961,true
"Quick Sort","serial",1,100000,"reversed",5,3417337,3.417337,true
"Quick Sort","parallel",2,100000,"reversed",5,1818309,1.818309,true
"Quick Sort","parallel",4,100000,"reversed",5,1275992,1.275992,true
"Quick Sort","parallel",8,100000,"reversed",5,1328422,1.328422,true
"Quick Sort","serial",1,100000,"partially_sorted",1,4471151,4.471151,true
"Quick Sort","parallel",2,100000,"partially_sorted",1,2564710,2.564710,true
"Quick Sort","parallel",4,100000,"partially_sorted",1,1809678,1.809678,true
"Quick Sort","parallel",8,100000,"partially_sorted",1,1833815,1.833815,true
"Quick Sort","serial",1,100000,"partially_sorted",2,4265188,4.265188,true
"Quick Sort","parallel",2,100000,"partially_sorted",2,2433381,2.433381,true
"Quick Sort","parallel",4,100000,"partially_sorted",2,2358099,2.358099,true
"Quick Sort","parallel",8,100000,"partially_sorted",2,1834694,1.834694,true
"Quick Sort","serial",1,100000,"partially_sorted",3,4281817,4.281817,true
"Quick Sort","parallel",2,100000,"partially_sorted",3,2933384,2.933384,true
"Quick Sort","parallel",4,100000,"partially_sorted",3,2575829,2.575829,true
"Quick Sort","parallel",8,100000,"partially_sorted",3,1619367,1.619367,true
"Quick Sort","serial",1,100000,"partially_sorted",4,4017595,4.017595,true
"Quick Sort","parallel",2,100000,"partially_sorted",4,3254725,3.254725,true
"Quick Sort","parallel",4,100000,"partially_sorted",4,1969281,1.969281,true
"Quick Sort","parallel",8,100000,"partially_sorted",4,1784576,1.784576,true
"Quick Sort","serial",1,100000,"partially_sorted",5,3955463,3.955463,true
"Quick Sort","parallel",2,100000,"partially_sorted",5,2423361,2.423361,true
"Quick Sort","parallel",4,100000,"partially_sorted",5,2810626,2.810626,true
"Quick Sort","parallel",8,100000,"partially_sorted",5,1594636,1.594636,true
"Quick Sort","serial",1,250000,"random",1,18425646,18.425646,true
"Quick Sort","parallel",2,250000,"random",1,10206050,10.206050,true
"Quick Sort","parallel",4,250000,"random",1,6025997,6.025997,true
"Quick Sort","parallel",8,250000,"random",1,5587944,5.587944,true
"Quick Sort","serial",1,250000,"random",2,18712053,18.712053,true
"Quick Sort","parallel",2,250000,"random",2,10173195,10.173195,true
"Quick Sort","parallel",4,250000,"random",2,6804814,6.804814,true
"Quick Sort","parallel",8,250000,"random",2,5050898,5.050898,true
"Quick Sort","serial",1,250000,"random",3,19573976,19.573976,true
"Quick Sort","parallel",2,250000,"random",3,10368865,10.368865,true
"Quick Sort","parallel",4,250000,"random",3,6070637,6.070637,true
"Quick Sort","parallel",8,250000,"random",3,5341564,5.341564,true
"Quick Sort","serial",1,250000,"random",4,18341221,18.341221,true
"Quick Sort","parallel",2,250000,"random",4,10217499,10.217499,true
"Quick Sort","parallel",4,250000,"random",4,5589397,5.589397,true
"Quick Sort","parallel",8,250000,"random",4,5256350,5.256350,true
"Quick Sort","serial",1,250000,"random",5,18793531,18.793531,true
"Quick Sort","parallel",2,250000,"random",5,9989837,9.989837,true
"Quick Sort","parallel",4,250000,"random",5,6492213,6.492213,true
"Quick Sort","parallel",8,250000,"random",5,4955664,4.955664,true
"Quick Sort","serial",1,250000,"sorted",1,3640398,3.640398,true
"Quick Sort","parallel",2,250000,"sorted",1,3835480,3.835480,true
"Quick Sort","parallel",4,250000,"sorted",1,1421969,1.421969,true
"Quick Sort","parallel",8,250000,"sorted",1,1480195,1.480195,true
"Quick Sort","serial",1,250000,"sorted",2,3475137,3.475137,true
"Quick Sort","parallel",2,250000,"sorted",2,2218108,2.218108,true
"Quick Sort","parallel",4,250000,"sorted",2,2516914,2.516914,true
"Quick Sort","parallel",8,250000,"sorted",2,1689287,1.689287,true
"Quick Sort","serial",1,250000,"sorted",3,3597679,3.597679,true
"Quick Sort","parallel",2,250000,"sorted",3,2083805,2.083805,true
"Quick Sort","parallel",4,250000,"sorted",3,3246648,3.246648,true
"Quick Sort","parallel",8,250000,"sorted",3,1740414,1.740414,true
"Quick Sort","serial",1,250000,"sorted",4,3742256,3.742256,true
"Quick Sort","parallel",2,250000,"sorted",4,2061386,2.061386,true
"Quick Sort","parallel",4,250000,"sorted",4,1596458,1.596458,true
"Quick Sort","parallel",8,250000,"sorted",4,1309342,1.309342,true
"Quick Sort","serial",1,250000,"sorted",5,4382803,4.382803,true
"Quick Sort","parallel",2,250000,"sorted",5,2097452,2.097452,true
"Quick Sort","parallel",4,250000,"sorted",5,1738816,1.738816,true
"Quick Sort","parallel",8,250000,"sorted",5,1429720,1.429720,true
"Quick Sort","serial",1,250000,"reversed",1,10406360,10.406360,true
"Quick Sort","parallel",2,250000,"reversed",1,4671633,4.671633,true
"Quick Sort","parallel",4,250000,"reversed",1,2801877,2.801877,true
"Quick Sort","parallel",8,250000,"reversed",1,3372372,3.372372,true
"Quick Sort","serial",1,250000,"reversed",2,8813016,8.813016,true
"Quick Sort","parallel",2,250000,"reversed",2,5204810,5.204810,true
"Quick Sort","parallel",4,250000,"reversed",2,3489101,3.489101,true
"Quick Sort","parallel",8,250000,"reversed",2,2885243,2.885243,true
"Quick Sort","serial",1,250000,"reversed",3,8762822,8.762822,true
"Quick Sort","parallel",2,250000,"reversed",3,4867633,4.867633,true
"Quick Sort","parallel",4,250000,"reversed",3,3082568,3.082568,true
"Quick Sort","parallel",8,250000,"reversed",3,2777387,2.777387,true
"Quick Sort","serial",1,250000,"reversed",4,9146298,9.146298,true
"Quick Sort","parallel",2,250000,"reversed",4,4701575,4.701575,true
"Quick Sort","parallel",4,250000,"reversed",4,4039191,4.039191,true
"Quick Sort","parallel",8,250000,"reversed",4,2800079,2.800079,true
"Quick Sort","serial",1,250000,"reversed",5,8486413,8.486413,true
"Quick Sort","parallel",2,250000,"reversed",5,5399250,5.399250,true
"Quick Sort","parallel",4,250000,"reversed",5,2958858,2.958858,true
"Quick Sort","parallel",8,250000,"reversed",5,2798892,2.798892,true
"Quick Sort","serial",1,250000,"partially_sorted",1,11489157,11.489157,true
"Quick Sort","parallel",2,250000,"partially_sorted",1,6006393,6.006393,true
"Quick Sort","parallel",4,250000,"partially_sorted",1,5676494,5.676494,true
"Quick Sort","parallel",8,250000,"partially_sorted",1,3454047,3.454047,true
"Quick Sort","serial",1,250000,"partially_sorted",2,11419192,11.419192,true
"Quick Sort","parallel",2,250000,"partially_sorted",2,6432801,6.432801,true
"Quick Sort","parallel",4,250000,"partially_sorted",2,4014019,4.014019,true
"Quick Sort","parallel",8,250000,"partially_sorted",2,2970268,2.970268,true
"Quick Sort","serial",1,250000,"partially_sorted",3,11185712,11.185712,true
"Quick Sort","parallel",2,250000,"partially_sorted",3,5928504,5.928504,true
"Quick Sort","parallel",4,250000,"partially_sorted",3,5962193,5.962193,true
"Quick Sort","parallel",8,250000,"partially_sorted",3,3208830,3.208830,true
"Quick Sort","serial",1,250000,"partially_sorted",4,10758369,10.758369,true
"Quick Sort","parallel",2,250000,"partially_sorted",4,5848466,5.848466,true
"Quick Sort","parallel",4,250000,"partially_sorted",4,3480523,3.480523,true
"Quick Sort","parallel",8,250000,"partially_sorted",4,3652891,3.652891,true
"Quick Sort","serial",1,250000,"partially_sorted",5,10568009,10.568009,true
"Quick Sort","parallel",2,250000,"partially_sorted",5,6320069,6.320069,true
"Quick Sort","parallel",4,250000,"partially_sorted",5,3700080,3.700080,true
"Quick Sort","parallel",8,250000,"partially_sorted",5,3381139,3.381139,true
"Quick Sort","serial",1,500000,"random",1,37922953,37.922953,true
"Quick Sort","parallel",2,500000,"random",1,19692131,19.692131,true
"Quick Sort","parallel",4,500000,"random",1,11760942,11.760942,true
"Quick Sort","parallel",8,500000,"random",1,9145108,9.145108,true
"Quick Sort","serial",1,500000,"random",2,37012266,37.012266,true
"Quick Sort","parallel",2,500000,"random",2,19369729,19.369729,true
"Quick Sort","parallel",4,500000,"random",2,12631391,12.631391,true
"Quick Sort","parallel",8,500000,"random",2,8921680,8.921680,true
"Quick Sort","serial",1,500000,"random",3,38607934,38.607934,true
"Quick Sort","parallel",2,500000,"random",3,19881889,19.881889,true
"Quick Sort","parallel",4,500000,"random",3,11791696,11.791696,true
"Quick Sort","parallel",8,500000,"random",3,10158932,10.158932,true
"Quick Sort","serial",1,500000,"random",4,37003898,37.003898,true
"Quick Sort","parallel",2,500000,"random",4,19498450,19.498450,true
"Quick Sort","parallel",4,500000,"random",4,12133927,12.133927,true
"Quick Sort","parallel",8,500000,"random",4,10453033,10.453033,true
"Quick Sort","serial",1,500000,"random",5,37913036,37.913036,true
"Quick Sort","parallel",2,500000,"random",5,20279804,20.279804,true
"Quick Sort","parallel",4,500000,"random",5,15628649,15.628649,true
"Quick Sort","parallel",8,500000,"random",5,9701745,9.701745,true
"Quick Sort","serial",1,500000,"sorted",1,7609294,7.609294,true
"Quick Sort","parallel",2,500000,"sorted",1,5743517,5.743517,true
"Quick Sort","parallel",4,500000,"sorted",1,2914048,2.914048,true
"Quick Sort","parallel",8,500000,"sorted",1,2703166,2.703166,true
"Quick Sort","serial",1,500000,"sorted",2,8207383,8.207383,true
"Quick Sort","parallel",2,500000,"sorted",2,4228193,4.228193,true
"Quick Sort","parallel",4,500000,"sorted",2,2558572,2.558572,true
"Quick Sort","parallel",8,500000,"sorted",2,2928877,2.928877,true
"Quick Sort","serial",1,500000,"sorted",3,8583023,8.583023,true
"Quick Sort","parallel",2,500000,"sorted",3,4378247,4.378247,true
"Quick Sort","parallel",4,500000,"sorted",3,3892109,3.892109,true
"Quick Sort","parallel",8,500000,"sorted",3,2574268,2.574268,true
"Quick Sort","serial",1,500000,"sorted",4,7676101,7.676101,true
"Quick Sort","parallel",2,500000,"sorted",4,6296440,6.296440,true
"Quick Sort","parallel",4,500000,"sorted",4,3247049,3.247049,true
"Quick Sort","parallel",8,500000,"sorted",4,2652545,2.652545,true
"Quick Sort","serial",1,500000,"sorted",5,8123389,8.123389,true
"Quick Sort","parallel",2,500000,"sorted",5,4869120,4.869120,true
"Quick Sort","parallel",4,500000,"sorted",5,3056691,3.056691,true
"Quick Sort","parallel",8,500000,"sorted",5,2542977,2.542977,true
"Quick Sort","serial",1,500000,"reversed",1,18057157,18.057157,true
"Quick Sort","parallel",2,500000,"reversed",1,9745436,9.745436,true
"Quick Sort","parallel",4,500000,"reversed",1,5540318,5.540318,true
"Quick Sort","parallel",8,500000,"reversed",1,6329973,6.329973,true
"Quick Sort","serial",1,500000,"reversed",2,19230679,19.230679,true
"Quick Sort","parallel",2,500000,"reversed",2,9603984,9.603984,true
"Quick Sort","parallel",4,500000,"reversed",2,6926299,6.926299,true
"Quick Sort","parallel",8,500000,"reversed",2,5122055,5.122055,true
"Quick Sort","serial",1,500000,"reversed",3,18689571,18.689571,true
"Quick Sort","parallel",2,500000,"reversed",3,9409756,9.409756,true
"Quick Sort","parallel",4,500000,"reversed",3,6650467,6.650467,true
"Quick Sort","parallel",8,500000,"reversed",3,4992899,4.992899,true
"Quick Sort","serial",1,500000,"reversed",4,23230627,23.230627,true
"Quick Sort","parallel",2,500000,"reversed",4,9733030,9.733030,true
"Quick Sort","parallel",4,500000,"reversed",4,7344986,7.344986,true
"Quick Sort","parallel",8,500000,"reversed",4,4962749,4.962749,true
"Quick Sort","serial",1,500000,"reversed",5,19320282,19.320282,true
"Quick Sort","parallel",2,500000,"reversed",5,10854680,10.854680,true
"Quick Sort","parallel",4,500000,"reversed",5,5262358,5.262358,true
"Quick Sort","parallel",8,500000,"reversed",5,5650401,5.650401,true
"Quick Sort","serial",1,500000,"partially_sorted",1,23004952,23.004952,true
"Quick Sort","parallel",2,500000,"partially_sorted",1,12236505,12.236505,true
"Quick Sort","parallel",4,500000,"partially_sorted",1,7383340,7.383340,true
"Quick Sort","parallel",8,500000,"partially_sorted",1,26935064,26.935064,true
"Quick Sort","serial",1,500000,"partially_sorted",2,26050484,26.050484,true
"Quick Sort","parallel",2,500000,"partially_sorted",2,21245995,21.245995,true
"Quick Sort","parallel",4,500000,"partially_sorted",2,9789123,9.789123,true
"Quick Sort","parallel",8,500000,"partially_sorted",2,6998781,6.998781,true
"Quick Sort","serial",1,500000,"partially_sorted",3,22349845,22.349845,true
"Quick Sort","parallel",2,500000,"partially_sorted",3,12656390,12.656390,true
"Quick Sort","parallel",4,500000,"partially_sorted",3,8269821,8.269821,true
"Quick Sort","parallel",8,500000,"partially_sorted",3,6781626,6.781626,true
"Quick Sort","serial",1,500000,"partially_sorted",4,23080408,23.080408,true
"Quick Sort","parallel",2,500000,"partially_sorted",4,12382149,12.382149,true
"Quick Sort","parallel",4,500000,"partially_sorted",4,7323268,7.323268,true
"Quick Sort","parallel",8,500000,"partially_sorted",4,7002988,7.002988,true
"Quick Sort","serial",1,500000,"partially_sorted",5,21600297,21.600297,true
"Quick Sort","parallel",2,500000,"partially_sorted",5,12382755,12.382755,true
"Quick Sort","parallel",4,500000,"partially_sorted",5,9520651,9.520651,true
"Quick Sort","parallel",8,500000,"partially_sorted",5,5851100,5.851100,true
"Merge Sort","serial",1,100000,"random",1,27563403,27.563403,true
"Merge Sort","parallel",2,100000,"random",1,30072718,30.072718,true
"Merge Sort","parallel",4,100000,"random",1,13922367,13.922367,true
"Merge Sort","parallel",8,100000,"random",1,2893112,2.893112,true
"Merge Sort","serial",1,100000,"random",2,8821849,8.821849,true
"Merge Sort","parallel",2,100000,"random",2,4468500,4.468500,true
"Merge Sort","parallel",4,100000,"random",2,3647032,3.647032,true
"Merge Sort","parallel",8,100000,"random",2,3037907,3.037907,true
"Merge Sort","serial",1,100000,"random",3,13281201,13.281201,true
"Merge Sort","parallel",2,100000,"random",3,4501312,4.501312,true
"Merge Sort","parallel",4,100000,"random",3,3411157,3.411157,true
"Merge Sort","parallel",8,100000,"random",3,3675820,3.675820,true
"Merge Sort","serial",1,100000,"random",4,7872160,7.872160,true
"Merge Sort","parallel",2,100000,"random",4,5291801,5.291801,true
"Merge Sort","parallel",4,100000,"random",4,2823002,2.823002,true
"Merge Sort","parallel",8,100000,"random",4,2507014,2.507014,true
"Merge Sort","serial",1,100000,"random",5,8344237,8.344237,true
"Merge Sort","parallel",2,100000,"random",5,4442886,4.442886,true
"Merge Sort","parallel",4,100000,"random",5,2916794,2.916794,true
"Merge Sort","parallel",8,100000,"random",5,3084739,3.084739,true
"Merge Sort","serial",1,100000,"sorted",1,2435118,2.435118,true
"Merge Sort","parallel",2,100000,"sorted",1,1426494,1.426494,true
"Merge Sort","parallel",4,100000,"sorted",1,1259656,1.259656,true
"Merge Sort","parallel",8,100000,"sorted",1,1110060,1.110060,true
"Merge Sort","serial",1,100000,"sorted",2,2290431,2.290431,true
"Merge Sort","parallel",2,100000,"sorted",2,1378129,1.378129,true
"Merge Sort","parallel",4,100000,"sorted",2,1824708,1.824708,true
"Merge Sort","parallel",8,100000,"sorted",2,1162304,1.162304,true
"Merge Sort","serial",1,100000,"sorted",3,2678318,2.678318,true
"Merge Sort","parallel",2,100000,"sorted",3,1514315,1.514315,true
"Merge Sort","parallel",4,100000,"sorted",3,955826,0.955826,true
"Merge Sort","parallel",8,100000,"sorted",3,910668,0.910668,true
"Merge Sort","serial",1,100000,"sorted",4,3258088,3.258088,true
"Merge Sort","parallel",2,100000,"sorted",4,1427605,1.427605,true
"Merge Sort","parallel",4,100000,"sorted",4,892659,0.892659,true
"Merge Sort","parallel",8,100000,"sorted",4,913174,0.913174,true
"Merge Sort","serial",1,100000,"sorted",5,2725688,2.725688,true
"Merge Sort","parallel",2,100000,"sorted",5,1989228,1.989228,true
"Merge Sort","parallel",4,100000,"sorted",5,993311,0.993311,true
"Merge Sort","parallel",8,100000,"sorted",5,927189,0.927189,true
"Merge Sort","serial",1,100000,"reversed",1,2875001,2.875001,true
"Merge Sort","parallel",2,100000,"reversed",1,1608928,1.608928,true
"Merge Sort","parallel",4,100000,"reversed",1,1016281,1.016281,true
"Merge Sort","parallel",8,100000,"reversed",1,1014102,1.014102,true
"Merge Sort","serial",1,100000,"reversed",2,2740867,2.740867,true
"Merge Sort","parallel",2,100000,"reversed",2,1864660,1.864660,true
"Merge Sort","parallel",4,100000,"reversed",2,1289813,1.289813,true
"Merge Sort","parallel",8,100000,"reversed",2,1418281,1.418281,true
"Merge Sort","serial",1,100000,"reversed",3,3005290,3.005290,true
"Merge Sort","parallel",2,100000,"reversed",3,1606705,1.606705,true
"Merge Sort","parallel",4,100000,"reversed",3,1363477,1.363477,true
"Merge Sort","parallel",8,100000,"reversed",3,1245387,1.245387,true
"Merge Sort","serial",1,100000,"reversed",4,2744340,2.744340,true
"Merge Sort","parallel",2,100000,"reversed",4,1973262,1.973262,true
"Merge Sort","parallel",4,100000,"reversed",4,1749564,1.749564,true
"Merge Sort","parallel",8,100000,"reversed",4,1098032,1.098032,true
"Merge Sort","serial",1,100000,"reversed",5,2808175,2.808175,true
"Merge Sort","parallel",2,100000,"reversed",5,1619430,1.619430,true
"Merge Sort","parallel",4,100000,"reversed",5,1243303,1.243303,true
"Merge Sort","parallel",8,100000,"reversed",5,1100923,1.100923,true
"Merge Sort","serial",1,100000,"partially_sorted",1,3983147,3.983147,true
"Merge Sort","parallel",2,100000,"partially_sorted",1,2883032,2.883032,true
"Merge Sort","parallel",4,100000,"partially_sorted",1,2092230,2.092230,true
"Merge Sort","parallel",8,100000,"partially_sorted",1,1355257,1.355257,true
"Merge Sort","serial",1,100000,"partially_sorted",2,3963367,3.963367,true
"Merge Sort","parallel",2,100000,"partially_sorted",2,2224771,2.224771,true
"Merge Sort","parallel",4,100000,"partially_sorted",2,1616864,1.616864,true
"Merge Sort","parallel",8,100000,"partially_sorted",2,1950242,1.950242,true
"Merge Sort","serial",1,100000,"partially_sorted",3,3966834,3.966834,true
"Merge Sort","parallel",2,100000,"partially_sorted",3,2277742,2.277742,true
"Merge Sort","parallel",4,100000,"partially_sorted",3,1488950,1.488950,true
"Merge Sort","parallel",8,100000,"partially_sorted",3,1365140,1.365140,true
"Merge Sort","serial",1,100000,"partially_sorted",4,4331534,4.331534,true
"Merge Sort","parallel",2,100000,"partially_sorted",4,2430074,2.430074,true
"Merge Sort","parallel",4,100000,"partially_sorted",4,1785298,1.785298,true
"Merge Sort","parallel",8,100000,"partially_sorted",4,1334690,1.334690,true
"Merge Sort","serial",1,100000,"partially_sorted",5,3859592,3.859592,true
"Merge Sort","parallel",2,100000,"partially_sorted",5,2266119,2.266119,true
"Merge Sort","parallel",4,100000,"partially_sorted",5,1920175,1.920175,true
"Merge Sort","parallel",8,100000,"partially_sorted",5,1883771,1.883771,true
"Merge Sort","serial",1,250000,"random",1,21399134,21.399134,true
"Merge Sort","parallel",2,250000,"random",1,11657765,11.657765,true
"Merge Sort","parallel",4,250000,"random",1,8097132,8.097132,true
"Merge Sort","parallel",8,250000,"random",1,6277797,6.277797,true
"Merge Sort","serial",1,250000,"random",2,21894555,21.894555,true
"Merge Sort","parallel",2,250000,"random",2,11377518,11.377518,true
"Merge Sort","parallel",4,250000,"random",2,7623560,7.623560,true
"Merge Sort","parallel",8,250000,"random",2,7150994,7.150994,true
"Merge Sort","serial",1,250000,"random",3,21899061,21.899061,true
"Merge Sort","parallel",2,250000,"random",3,11427011,11.427011,true
"Merge Sort","parallel",4,250000,"random",3,8553243,8.553243,true
"Merge Sort","parallel",8,250000,"random",3,6195508,6.195508,true
"Merge Sort","serial",1,250000,"random",4,21474353,21.474353,true
"Merge Sort","parallel",2,250000,"random",4,12548998,12.548998,true
"Merge Sort","parallel",4,250000,"random",4,7883323,7.883323,true
"Merge Sort","parallel",8,250000,"random",4,5940833,5.940833,true
"Merge Sort","serial",1,250000,"random",5,21774957,21.774957,true
"Merge Sort","parallel",2,250000,"random",5,11621244,11.621244,true
"Merge Sort","parallel",4,250000,"random",5,8522125,8.522125,true
"Merge Sort","parallel",8,250000,"random",5,6872685,6.872685,true
"Merge Sort","serial",1,250000,"sorted",1,6209773,6.209773,true
"Merge Sort","parallel",2,250000,"sorted",1,3877706,3.877706,true
"Merge Sort","parallel",4,250000,"sorted",1,3283406,3.283406,true
"Merge Sort","parallel",8,250000,"sorted",1,2337628,2.337628,true
"Merge Sort","serial",1,250000,"sorted",2,6295175,6.295175,true
"Merge Sort","parallel",2,250000,"sorted",2,3694235,3.694235,true
"Merge Sort","parallel",4,250000,"sorted",2,2260833,2.260833,true
"Merge Sort","parallel",8,250000,"sorted",2,2192558,2.192558,true
"Merge Sort","serial",1,250000,"sorted",3,6179815,6.179815,true
"Merge Sort","parallel",2,250000,"sorted",3,3416145,3.416145,true
"Merge Sort","parallel",4,250000,"sorted",3,2899442,2.899442,true
"Merge Sort","parallel",8,250000,"sorted",3,2168063,2.168063,true
"Merge Sort","serial",1,250000,"sorted",4,7866542,7.866542,true
"Merge Sort","parallel",2,250000,"sorted",4,3526169,3.526169,true
"Merge Sort","parallel",4,250000,"sorted",4,2300959,2.300959,true
"Merge Sort","parallel",8,250000,"sorted",4,2328527,2.328527,true
"Merge Sort","serial",1,250000,"sorted",5,6243070,6.243070,true
"Merge Sort","parallel",2,250000,"sorted",5,3877497,3.877497,true
"Merge Sort","parallel",4,250000,"sorted",5,2631953,2.631953,true
"Merge Sort","parallel",8,250000,"sorted",5,2305696,2.305696,true
"Merge Sort","serial",1,250000,"reversed",1,7765268,7.765268,true
"Merge Sort","parallel",2,250000,"reversed",1,4451315,4.451315,true
"Merge Sort","parallel",4,250000,"reversed",1,3219530,3.219530,true
"Merge Sort","parallel",8,250000,"reversed",1,2374735,2.374735,true
"Merge Sort","serial",1,250000,"reversed",2,9690741,9.690741,true
"Merge Sort","parallel",2,250000,"reversed",2,11103530,11.103530,true
"Merge Sort","parallel",4,250000,"reversed",2,11385449,11.385449,true
"Merge Sort","parallel",8,250000,"reversed",2,13661647,13.661647,true
"Merge Sort","serial",1,250000,"reversed",3,10886633,10.886633,true
"Merge Sort","parallel",2,250000,"reversed",3,9140407,9.140407,true
"Merge Sort","parallel",4,250000,"reversed",3,2697474,2.697474,true
"Merge Sort","parallel",8,250000,"reversed",3,2978133,2.978133,true
"Merge Sort","serial",1,250000,"reversed",4,7788717,7.788717,true
"Merge Sort","parallel",2,250000,"reversed",4,4378069,4.378069,true
"Merge Sort","parallel",4,250000,"reversed",4,4057992,4.057992,true
"Merge Sort","parallel",8,250000,"reversed",4,2984714,2.984714,true
"Merge Sort","serial",1,250000,"reversed",5,7861745,7.861745,true
"Merge Sort","parallel",2,250000,"reversed",5,4018783,4.018783,true
"Merge Sort","parallel",4,250000,"reversed",5,3249344,3.249344,true
"Merge Sort","parallel",8,250000,"reversed",5,2204682,2.204682,true
"Merge Sort","serial",1,250000,"partially_sorted",1,11027096,11.027096,true
"Merge Sort","parallel",2,250000,"partially_sorted",1,5518779,5.518779,true
"Merge Sort","parallel",4,250000,"partially_sorted",1,3802647,3.802647,true
"Merge Sort","parallel",8,250000,"partially_sorted",1,3494409,3.494409,true
"Merge Sort","serial",1,250000,"partially_sorted",2,11662005,11.662005,true
"Merge Sort","parallel",2,250000,"partially_sorted",2,5681924,5.681924,true
"Merge Sort","parallel",4,250000,"partially_sorted",2,3799089,3.799089,true
"Merge Sort","parallel",8,250000,"partially_sorted",2,3540947,3.540947,true
"Merge Sort","serial",1,250000,"partially_sorted",3,10408702,10.408702,true
"Merge Sort","parallel",2,250000,"partially_sorted",3,5904951,5.904951,true
"Merge Sort","parallel",4,250000,"partially_sorted",3,3460134,3.460134,true
"Merge Sort","parallel",8,250000,"partially_sorted",3,4109773,4.109773,true
"Merge Sort","serial",1,250000,"partially_sorted",4,10650926,10.650926,true
"Merge Sort","parallel",2,250000,"partially_sorted",4,5419119,5.419119,true
"Merge Sort","parallel",4,250000,"partially_sorted",4,4104144,4.104144,true
"Merge Sort","parallel",8,250000,"partially_sorted",4,3170237,3.170237,true
"Merge Sort","serial",1,250000,"partially_sorted",5,10691384,10.691384,true
"Merge Sort","parallel",2,250000,"partially_sorted",5,5474022,5.474022,true
"Merge Sort","parallel",4,250000,"partially_sorted",5,3244125,3.244125,true
"Merge Sort","parallel",8,250000,"partially_sorted",5,3211988,3.211988,true
"Merge Sort","serial",1,500000,"random",1,44295443,44.295443,true
"Merge Sort","parallel",2,500000,"random",1,23917607,23.917607,true
"Merge Sort","parallel",4,500000,"random",1,16938914,16.938914,true
"Merge Sort","parallel",8,500000,"random",1,11832164,11.832164,true
"Merge Sort","serial",1,500000,"random",2,43443142,43.443142,true
"Merge Sort","parallel",2,500000,"random",2,22824918,22.824918,true
"Merge Sort","parallel",4,500000,"random",2,17313729,17.313729,true
"Merge Sort","parallel",8,500000,"random",2,12616888,12.616888,true
"Merge Sort","serial",1,500000,"random",3,44151228,44.151228,true
"Merge Sort","parallel",2,500000,"random",3,23704089,23.704089,true
"Merge Sort","parallel",4,500000,"random",3,15046786,15.046786,true
"Merge Sort","parallel",8,500000,"random",3,12590792,12.590792,true
"Merge Sort","serial",1,500000,"random",4,43731183,43.731183,true
"Merge Sort","parallel",2,500000,"random",4,23694164,23.694164,true
"Merge Sort","parallel",4,500000,"random",4,15409511,15.409511,true
"Merge Sort","parallel",8,500000,"random",4,12892404,12.892404,true
"Merge Sort","serial",1,500000,"random",5,45850713,45.850713,true
"Merge Sort","parallel",2,500000,"random",5,24177222,24.177222,true
"Merge Sort","parallel",4,500000,"random",5,16727496,16.727496,true
"Merge Sort","parallel",8,500000,"random",5,12754744,12.754744,true
"Merge Sort","serial",1,500000,"sorted",1,13110114,13.110114,true
"Merge Sort","parallel",2,500000,"sorted",1,7930648,7.930648,true
"Merge Sort","parallel",4,500000,"sorted",1,4172230,4.172230,true
"Merge Sort","parallel",8,500000,"sorted",1,4200195,4.200195,true
"Merge Sort","serial",1,500000,"sorted",2,13118719,13.118719,true
"Merge Sort","parallel",2,500000,"sorted",2,7632899,7.632899,true
"Merge Sort","parallel",4,500000,"sorted",2,5069642,5.069642,true
"Merge Sort","parallel",8,500000,"sorted",2,4402651,4.402651,true
"Merge Sort","serial",1,500000,"sorted",3,13316847,13.316847,true
"Merge Sort","parallel",2,500000,"sorted",3,10980602,10.980602,true
"Merge Sort","parallel",4,500000,"sorted",3,4080743,4.080743,true
"Merge Sort","parallel",8,500000,"sorted",3,4280991,4.280991,true
"Merge Sort","serial",1,500000,"sorted",4,13343055,13.343055,true
"Merge Sort","parallel",2,500000,"sorted",4,8034196,8.034196,true
"Merge Sort","parallel",4,500000,"sorted",4,4441777,4.441777,true
"Merge Sort","parallel",8,500000,"sorted",4,4417844,4.417844,true
"Merge Sort","serial",1,500000,"sorted",5,13491248,13.491248,true
"Merge Sort","parallel",2,500000,"sorted",5,7256558,7.256558,true
"Merge Sort","parallel",4,500000,"sorted",5,4135217,4.135217,true
"Merge Sort","parallel",8,500000,"sorted",5,4205266,4.205266,true
"Merge Sort","serial",1,500000,"reversed",1,15403317,15.403317,true
"Merge Sort","parallel",2,500000,"reversed",1,12941879,12.941879,true
"Merge Sort","parallel",4,500000,"reversed",1,6744788,6.744788,true
"Merge Sort","parallel",8,500000,"reversed",1,4861542,4.861542,true
"Merge Sort","serial",1,500000,"reversed",2,16125644,16.125644,true
"Merge Sort","parallel",2,500000,"reversed",2,9168186,9.168186,true
"Merge Sort","parallel",4,500000,"reversed",2,5087749,5.087749,true
"Merge Sort","parallel",8,500000,"reversed",2,4766481,4.766481,true
"Merge Sort","serial",1,500000,"reversed",3,16135859,16.135859,true
"Merge Sort","parallel",2,500000,"reversed",3,8661857,8.661857,true
"Merge Sort","parallel",4,500000,"reversed",3,6426409,6.426409,true
"Merge Sort","parallel",8,500000,"reversed",3,5540476,5.540476,true
"Merge Sort","serial",1,500000,"reversed",4,15550937,15.550937,true
"Merge Sort","parallel",2,500000,"reversed",4,8030818,8.030818,true
"Merge Sort","parallel",4,500000,"reversed",4,5734771,5.734771,true
"Merge Sort","parallel",8,500000,"reversed",4,4965331,4.965331,true
"Merge Sort","serial",1,500000,"reversed",5,15876794,15.876794,true
"Merge Sort","parallel",2,500000,"reversed",5,9338443,9.338443,true
"Merge Sort","parallel",4,500000,"reversed",5,4652018,4.652018,true
"Merge Sort","parallel",8,500000,"reversed",5,4668743,4.668743,true
"Merge Sort","serial",1,500000,"partially_sorted",1,21874194,21.874194,true
"Merge Sort","parallel",2,500000,"partially_sorted",1,11820730,11.820730,true
"Merge Sort","parallel",4,500000,"partially_sorted",1,7174672,7.174672,true
"Merge Sort","parallel",8,500000,"partially_sorted",1,7352783,7.352783,true
"Merge Sort","serial",1,500000,"partially_sorted",2,21992895,21.992895,true
"Merge Sort","parallel",2,500000,"partially_sorted",2,13425177,13.425177,true
"Merge Sort","parallel",4,500000,"partially_sorted",2,9469933,9.469933,true
"Merge Sort","parallel",8,500000,"partially_sorted",2,6476856,6.476856,true
"Merge Sort","serial",1,500000,"partially_sorted",3,21947491,21.947491,true
"Merge Sort","parallel",2,500000,"partially_sorted",3,11761811,11.761811,true
"Merge Sort","parallel",4,500000,"partially_sorted",3,7128836,7.128836,true
"Merge Sort","parallel",8,500000,"partially_sorted",3,7072074,7.072074,true
"Merge Sort","serial",1,500000,"partially_sorted",4,21934508,21.934508,true
"Merge Sort","parallel",2,500000,"partially_sorted",4,11566143,11.566143,true
"Merge Sort","parallel",4,500000,"partially_sorted",4,6708903,6.708903,true
"Merge Sort","parallel",8,500000,"partially_sorted",4,6438293,6.438293,true
"Merge Sort","serial",1,500000,"partially_sorted",5,21581375,21.581375,true
"Merge Sort","parallel",2,500000,"partially_sorted",5,11586919,11.586919,true
"Merge Sort","parallel",4,500000,"partially_sorted",5,8396158,8.396158,true
"Merge Sort","parallel",8,500000,"partially_sorted",5,6029461,6.029461,true
"Insertion Sort","serial",1,2000,"random",1,4041969,4.041969,true
"Insertion Sort","parallel",2,2000,"random",1,18336557,18.336557,true
"Insertion Sort","parallel",4,2000,"random",1,14534879,14.534879,true
"Insertion Sort","parallel",8,2000,"random",1,10556304,10.556304,true
"Insertion Sort","serial",1,2000,"random",2,3273855,3.273855,true
"Insertion Sort","parallel",2,2000,"random",2,15377300,15.377300,true
"Insertion Sort","parallel",4,2000,"random",2,14727303,14.727303,true
"Insertion Sort","parallel",8,2000,"random",2,14853167,14.853167,true
"Insertion Sort","serial",1,2000,"random",3,1471171,1.471171,true
"Insertion Sort","parallel",2,2000,"random",3,15894732,15.894732,true
"Insertion Sort","parallel",4,2000,"random",3,18077970,18.077970,true
"Insertion Sort","parallel",8,2000,"random",3,10478492,10.478492,true
"Insertion Sort","serial",1,2000,"random",4,498634,0.498634,true
"Insertion Sort","parallel",2,2000,"random",4,12297209,12.297209,true
"Insertion Sort","parallel",4,2000,"random",4,11733938,11.733938,true
"Insertion Sort","parallel",8,2000,"random",4,8716249,8.716249,true
"Insertion Sort","serial",1,2000,"random",5,482613,0.482613,true
"Insertion Sort","parallel",2,2000,"random",5,12762668,12.762668,true
"Insertion Sort","parallel",4,2000,"random",5,12261204,12.261204,true
"Insertion Sort","parallel",8,2000,"random",5,10322429,10.322429,true
"Insertion Sort","serial",1,2000,"sorted",1,77712,0.077712,true
"Insertion Sort","parallel",2,2000,"sorted",1,12592062,12.592062,true
"Insertion Sort","parallel",4,2000,"sorted",1,12217213,12.217213,true
"Insertion Sort","parallel",8,2000,"sorted",1,8233160,8.233160,true
"Insertion Sort","serial",1,2000,"sorted",2,82107,0.082107,true
"Insertion Sort","parallel",2,2000,"sorted",2,14540784,14.540784,true
"Insertion Sort","parallel",4,2000,"sorted",2,12559728,12.559728,true
"Insertion Sort","parallel",8,2000,"sorted",2,7935229,7.935229,true
"Insertion Sort","serial",1,2000,"sorted",3,77737,0.077737,true
"Insertion Sort","parallel",2,2000,"sorted",3,12570593,12.570593,true
"Insertion Sort","parallel",4,2000,"sorted",3,11511314,11.511314,true
"Insertion Sort","parallel",8,2000,"sorted",3,8836063,8.836063,true
"Insertion Sort","serial",1,2000,"sorted",4,88361,0.088361,true
"Insertion Sort","parallel",2,2000,"sorted",4,12526327,12.526327,true
"Insertion Sort","parallel",4,2000,"sorted",4,11361690,11.361690,true
"Insertion Sort","parallel",8,2000,"sorted",4,8272212,8.272212,true
"Insertion Sort","serial",1,2000,"sorted",5,81166,0.081166,true
"Insertion Sort","parallel",2,2000,"sorted",5,12260441,12.260441,true
"Insertion Sort","parallel",4,2000,"sorted",5,12082503,12.082503,true
"Insertion Sort","parallel",8,2000,"sorted",5,8219528,8.219528,true
"Insertion Sort","serial",1,2000,"reversed",1,809288,0.809288,true
"Insertion Sort","parallel",2,2000,"reversed",1,11091141,11.091141,true
"Insertion Sort","parallel",4,2000,"reversed",1,11086296,11.086296,true
"Insertion Sort","parallel",8,2000,"reversed",1,9201148,9.201148,true
"Insertion Sort","serial",1,2000,"reversed",2,819101,0.819101,true
"Insertion Sort","parallel",2,2000,"reversed",2,11031194,11.031194,true
"Insertion Sort","parallel",4,2000,"reversed",2,10890261,10.890261,true
"Insertion Sort","parallel",8,2000,"reversed",2,9483439,9.483439,true
"Insertion Sort","serial",1,2000,"reversed",3,817162,0.817162,true
"Insertion Sort","parallel",2,2000,"reversed",3,11939831,11.939831,true
"Insertion Sort","parallel",4,2000,"reversed",3,12387825,12.387825,true
"Insertion Sort","parallel",8,2000,"reversed",3,7807233,7.807233,true
"Insertion Sort","serial",1,2000,"reversed",4,812923,0.812923,true
"Insertion Sort","parallel",2,2000,"reversed",4,13206400,13.206400,true
"Insertion Sort","parallel",4,2000,"reversed",4,11120427,11.120427,true
"Insertion Sort","parallel",8,2000,"reversed",4,8981483,8.981483,true
"Insertion Sort","serial",1,2000,"reversed",5,831280,0.831280,true
"Insertion Sort","parallel",2,2000,"reversed",5,11473700,11.473700,true
"Insertion Sort","parallel",4,2000,"reversed",5,11078452,11.078452,true
"Insertion Sort","parallel",8,2000,"reversed",5,9392750,9.392750,true
"Insertion Sort","serial",1,2000,"partially_sorted",1,192420,0.192420,true
"Insertion Sort","parallel",2,2000,"partially_sorted",1,11457096,11.457096,true
"Insertion Sort","parallel",4,2000,"partially_sorted",1,11901451,11.901451,true
"Insertion Sort","parallel",8,2000,"partially_sorted",1,7540574,7.540574,true
"Insertion Sort","serial",1,2000,"partially_sorted",2,190832,0.190832,true
"Insertion Sort","parallel",2,2000,"partially_sorted",2,11283789,11.283789,true
"Insertion Sort","parallel",4,2000,"partially_sorted",2,11177157,11.177157,true
"Insertion Sort","parallel",8,2000,"partially_sorted",2,8083455,8.083455,true
"Insertion Sort","serial",1,2000,"partially_sorted",3,186108,0.186108,true
"Insertion Sort","parallel",2,2000,"partially_sorted",3,12531035,12.531035,true
"Insertion Sort","parallel",4,2000,"partially_sorted",3,12859405,12.859405,true
"Insertion Sort","parallel",8,2000,"partially_sorted",3,8078944,8.078944,true
"Insertion Sort","serial",1,2000,"partially_sorted",4,177517,0.177517,true
"Insertion Sort","parallel",2,2000,"partially_sorted",4,12478803,12.478803,true
"Insertion Sort","parallel",4,2000,"partially_sorted",4,14393615,14.393615,true
"Insertion Sort","parallel",8,2000,"partially_sorted",4,8137748,8.137748,true
"Insertion Sort","serial",1,2000,"partially_sorted",5,205572,0.205572,true
"Insertion Sort","parallel",2,2000,"partially_sorted",5,13873265,13.873265,true
"Insertion Sort","parallel",4,2000,"partially_sorted",5,13809289,13.809289,true
"Insertion Sort","parallel",8,2000,"partially_sorted",5,13651234,13.651234,true
"Insertion Sort","serial",1,5000,"random",1,3291956,3.291956,true
"Insertion Sort","parallel",2,5000,"random",1,39572901,39.572901,true
"Insertion Sort","parallel",4,5000,"random",1,65603213,65.603213,true
"Insertion Sort","parallel",8,5000,"random",1,29765026,29.765026,true
"Insertion Sort","serial",1,5000,"random",2,2563829,2.563829,true
"Insertion Sort","parallel",2,5000,"random",2,30618076,30.618076,true
"Insertion Sort","parallel",4,5000,"random",2,31666219,31.666219,true
"Insertion Sort","parallel",8,5000,"random",2,25024423,25.024423,true
"Insertion Sort","serial",1,5000,"random",3,2508544,2.508544,true
"Insertion Sort","parallel",2,5000,"random",3,34290278,34.290278,true
"Insertion Sort","parallel",4,5000,"random",3,32154829,32.154829,true
"Insertion Sort","parallel",8,5000,"random",3,26937481,26.937481,true
"Insertion Sort","serial",1,5000,"random",4,2500383,2.500383,true
"Insertion Sort","parallel",2,5000,"random",4,30173631,30.173631,true
"Insertion Sort","parallel",4,5000,"random",4,30660035,30.660035,true
"Insertion Sort","parallel",8,5000,"random",4,26433651,26.433651,true
"Insertion Sort","serial",1,5000,"random",5,2430191,2.430191,true
"Insertion Sort","parallel",2,5000,"random",5,30859955,30.859955,true
"Insertion Sort","parallel",4,5000,"random",5,32057912,32.057912,true
"Insertion Sort","parallel",8,5000,"random",5,23866822,23.866822,true
"Insertion Sort","serial",1,5000,"sorted",1,41993,0.041993,true
"Insertion Sort","parallel",2,5000,"sorted",1,30798675,30.798675,true
"Insertion Sort","parallel",4,5000,"sorted",1,32375922,32.375922,true
"Insertion Sort","parallel",8,5000,"sorted",1,21602408,21.602408,true
"Insertion Sort","serial",1,5000,"sorted",2,31052,0.031052,true
"Insertion Sort","parallel",2,5000,"sorted",2,33219666,33.219666,true
"Insertion Sort","parallel",4,5000,"sorted",2,31770639,31.770639,true
"Insertion Sort","parallel",8,5000,"sorted",2,22980171,22.980171,true
"Insertion Sort","serial",1,5000,"sorted",3,29204,0.029204,true
"Insertion Sort","parallel",2,5000,"sorted",3,31890757,31.890757,true
"Insertion Sort","parallel",4,5000,"sorted",3,31844687,31.844687,true
"Insertion Sort","parallel",8,5000,"sorted",3,21897965,21.897965,true
"Insertion Sort","serial",1,5000,"sorted",4,44552,0.044552,true
"Insertion Sort","parallel",2,5000,"sorted",4,34122161,34.122161,true
"Insertion Sort","parallel",4,5000,"sorted",4,32165813,32.165813,true
"Insertion Sort","parallel",8,5000,"sorted",4,22783292,22.783292,true
"Insertion Sort","serial",1,5000,"sorted",5,31114,0.031114,true
"Insertion Sort","parallel",2,5000,"sorted",5,30897734,30.897734,true
"Insertion Sort","parallel",4,5000,"sorted",5,31855086,31.855086,true
"Insertion Sort","parallel",8,5000,"sorted",5,21318101,21.318101,true
"Insertion Sort","serial",1,5000,"reversed",1,4989587,4.989587,true
"Insertion Sort","parallel",2,5000,"reversed",1,29586088,29.586088,true
"Insertion Sort","parallel",4,5000,"reversed",1,30084235,30.084235,true
"Insertion Sort","parallel",8,5000,"reversed",1,27305576,27.305576,true
"Insertion Sort","serial",1,5000,"reversed",2,4488387,4.488387,true
"Insertion Sort","parallel",2,5000,"reversed",2,29573874,29.573874,true
"Insertion Sort","parallel",4,5000,"reversed",2,28889423,28.889423,true
"Insertion Sort","parallel",8,5000,"reversed",2,24954204,24.954204,true
"Insertion Sort","serial",1,5000,"reversed",3,4740250,4.740250,true
"Insertion Sort","parallel",2,5000,"reversed",3,29399970,29.399970,true
"Insertion Sort","parallel",4,5000,"reversed",3,28961773,28.961773,true
"Insertion Sort","parallel",8,5000,"reversed",3,26974604,26.974604,true
"Insertion Sort","serial",1,5000,"reversed",4,4534674,4.534674,true
"Insertion Sort","parallel",2,5000,"reversed",4,31091883,31.091883,true
"Insertion Sort","parallel",4,5000,"reversed",4,30815547,30.815547,true
"Insertion Sort","parallel",8,5000,"reversed",4,25724125,25.724125,true
"Insertion Sort","serial",1,5000,"reversed",5,4145269,4.145269,true
"Insertion Sort","parallel",2,5000,"reversed",5,29174277,29.174277,true
"Insertion Sort","parallel",4,5000,"reversed",5,29484164,29.484164,true
"Insertion Sort","parallel",8,5000,"reversed",5,26396543,26.396543,true
"Insertion Sort","serial",1,5000,"partially_sorted",1,493656,0.493656,true
"Insertion Sort","parallel",2,5000,"partially_sorted",1,31980857,31.980857,true
"Insertion Sort","parallel",4,5000,"partially_sorted",1,32497335,32.497335,true
"Insertion Sort","parallel",8,5000,"partially_sorted",1,22974620,22.974620,true
"Insertion Sort","serial",1,5000,"partially_sorted",2,553938,0.553938,true
"Insertion Sort","parallel",2,5000,"partially_sorted",2,32385212,32.385212,true
"Insertion Sort","parallel",4,5000,"partially_sorted",2,30839894,30.839894,true
"Insertion Sort","parallel",8,5000,"partially_sorted",2,23984951,23.984951,true
"Insertion Sort","serial",1,5000,"partially_sorted",3,497362,0.497362,true
"Insertion Sort","parallel",2,5000,"partially_sorted",3,30843990,30.843990,true
"Insertion Sort","parallel",4,5000,"partially_sorted",3,33135496,33.135496,true
"Insertion Sort","parallel",8,5000,"partially_sorted",3,22535681,22.535681,true
"Insertion Sort","serial",1,5000,"partially_sorted",4,505371,0.505371,true
"Insertion Sort","parallel",2,5000,"partially_sorted",4,31295114,31.295114,true
"Insertion Sort","parallel",4,5000,"partially_sorted",4,30471174,30.471174,true
"Insertion Sort","parallel",8,5000,"partially_sorted",4,21950675,21.950675,true
"Insertion Sort","serial",1,5000,"partially_sorted",5,516431,0.516431,true
"Insertion Sort","parallel",2,5000,"partially_sorted",5,30901061,30.901061,true
"Insertion Sort","parallel",4,5000,"partially_sorted",5,30013929,30.013929,true
"Insertion Sort","parallel",8,5000,"partially_sorted",5,22851584,22.851584,true
"Insertion Sort","serial",1,10000,"random",1,8429421,8.429421,true
"Insertion Sort","parallel",2,10000,"random",1,75549219,75.549219,true
"Insertion Sort","parallel",4,10000,"random",1,74764939,74.764939,true
"Insertion Sort","parallel",8,10000,"random",1,68434616,68.434616,true
"Insertion Sort","serial",1,10000,"random",2,8257653,8.257653,true
"Insertion Sort","parallel",2,10000,"random",2,71597317,71.597317,true
"Insertion Sort","parallel",4,10000,"random",2,75949763,75.949763,true
"Insertion Sort","parallel",8,10000,"random",2,70945134,70.945134,true
"Insertion Sort","serial",1,10000,"random",3,8447036,8.447036,true
"Insertion Sort","parallel",2,10000,"random",3,74756948,74.756948,true
"Insertion Sort","parallel",4,10000,"random",3,76067101,76.067101,true
"Insertion Sort","parallel",8,10000,"random",3,69421130,69.421130,true
"Insertion Sort","serial",1,10000,"random",4,8231355,8.231355,true
"Insertion Sort","parallel",2,10000,"random",4,73268945,73.268945,true
"Insertion Sort","parallel",4,10000,"random",4,76508823,76.508823,true
"Insertion Sort","parallel",8,10000,"random",4,70225102,70.225102,true
"Insertion Sort","serial",1,10000,"random",5,8632795,8.632795,true
"Insertion Sort","parallel",2,10000,"random",5,72065451,72.065451,true
"Insertion Sort","parallel",4,10000,"random",5,76660267,76.660267,true
"Insertion Sort","parallel",8,10000,"random",5,68273440,68.273440,true
"Insertion Sort","serial",1,10000,"sorted",1,8616,0.008616,true
"Insertion Sort","parallel",2,10000,"sorted",1,70966033,70.966033,true
"Insertion Sort","parallel",4,10000,"sorted",1,77998532,77.998532,true
"Insertion Sort","parallel",8,10000,"sorted",1,56153115,56.153115,true
"Insertion Sort","serial",1,10000,"sorted",2,8726,0.008726,true
"Insertion Sort","parallel",2,10000,"sorted",2,78579511,78.579511,true
"Insertion Sort","parallel",4,10000,"sorted",2,74340083,74.340083,true
"Insertion Sort","parallel",8,10000,"sorted",2,61621665,61.621665,true
"Insertion Sort","serial",1,10000,"sorted",3,13589,0.013589,true
"Insertion Sort","parallel",2,10000,"sorted",3,72615036,72.615036,true
"Insertion Sort","parallel",4,10000,"sorted",3,75711789,75.711789,true
"Insertion Sort","parallel",8,10000,"sorted",3,58941007,58.941007,true
"Insertion Sort","serial",1,10000,"sorted",4,8695,0.008695,true
"Insertion Sort","parallel",2,10000,"sorted",4,72368239,72.368239,true
"Insertion Sort","parallel",4,10000,"sorted",4,76907721,76.907721,true
"Insertion Sort","parallel",8,10000,"sorted",4,59468600,59.468600,true
"Insertion Sort","serial",1,10000,"sorted",5,9663,0.009663,true
"Insertion Sort","parallel",2,10000,"sorted",5,72896552,72.896552,true
"Insertion Sort","parallel",4,10000,"sorted",5,73300594,73.300594,true
"Insertion Sort","parallel",8,10000,"sorted",5,57597744,57.597744,true
"Insertion Sort","serial",1,10000,"reversed",1,16668400,16.668400,true
"Insertion Sort","parallel",2,10000,"reversed",1,72046130,72.046130,true
"Insertion Sort","parallel",4,10000,"reversed",1,68989487,68.989487,true
"Insertion Sort","parallel",8,10000,"reversed",1,59886333,59.886333,true
"Insertion Sort","serial",1,10000,"reversed",2,16584108,16.584108,true
"Insertion Sort","parallel",2,10000,"reversed",2,71040266,71.040266,true
"Insertion Sort","parallel",4,10000,"reversed",2,75540175,75.540175,true
"Insertion Sort","parallel",8,10000,"reversed",2,62882337,62.882337,true
"Insertion Sort","serial",1,10000,"reversed",3,16300755,16.300755,true
"Insertion Sort","parallel",2,10000,"reversed",3,73560821,73.560821,true
"Insertion Sort","parallel",4,10000,"reversed",3,70867772,70.867772,true
"Insertion Sort","parallel",8,10000,"reversed",3,62016195,62.016195,true
"Insertion Sort","serial",1,10000,"reversed",4,16603172,16.603172,true
"Insertion Sort","parallel",2,10000,"reversed",4,71027813,71.027813,true
"Insertion Sort","parallel",4,10000,"reversed",4,70963127,70.963127,true
"Insertion Sort","parallel",8,10000,"reversed",4,67324926,67.324926,true
"Insertion Sort","serial",1,10000,"reversed",5,16476229,16.476229,true
"Insertion Sort","parallel",2,10000,"reversed",5,73905518,73.905518,true
"Insertion Sort","parallel",4,10000,"reversed",5,75178638,75.178638,true
"Insertion Sort","parallel",8,10000,"reversed",5,67856405,67.856405,true
"Insertion Sort","serial",1,10000,"partially_sorted",1,1989462,1.989462,true
"Insertion Sort","parallel",2,10000,"partially_sorted",1,73554360,73.554360,true
"Insertion Sort","parallel",4,10000,"partially_sorted",1,74837233,74.837233,true
"Insertion Sort","parallel",8,10000,"partially_sorted",1,62838648,62.838648,true
"Insertion Sort","serial",1,10000,"partially_sorted",2,1906770,1.906770,true
"Insertion Sort","parallel",2,10000,"partially_sorted",2,71570032,71.570032,true
"Insertion Sort","parallel",4,10000,"partially_sorted",2,75748832,75.748832,true
"Insertion Sort","parallel",8,10000,"partially_sorted",2,62550571,62.550571,true
"Insertion Sort","serial",1,10000,"partially_sorted",3,1967229,1.967229,true
"Insertion Sort","parallel",2,10000,"partially_sorted",3,74939084,74.939084,true
"Insertion Sort","parallel",4,10000,"partially_sorted",3,74739405,74.739405,true
"Insertion Sort","parallel",8,10000,"partially_sorted",3,62669942,62.669942,true
"Insertion Sort","serial",1,10000,"partially_sorted",4,2027651,2.027651,true
"Insertion Sort","parallel",2,10000,"partially_sorted",4,73638884,73.638884,true
"Insertion Sort","parallel",4,10000,"partially_sorted",4,75210511,75.210511,true
"Insertion Sort","parallel",8,10000,"partially_sorted",4,61744288,61.744288,true
"Insertion Sort","serial",1,10000,"partially_sorted",5,2042881,2.042881,true
"Insertion Sort","parallel",2,10000,"partially_sorted",5,73890595,73.890595,true
"Insertion Sort","parallel",4,10000,"partially_sorted",5,77627553,77.627553,true
"Insertion Sort","parallel",8,10000,"partially_sorted",5,62779986,62.779986,true
"Selection Sort","serial",1,2000,"random",1,5283964,5.283964,true
"Selection Sort","parallel",2,2000,"random",1,18556753,18.556753,true
"Selection Sort","parallel",4,2000,"random",1,13901723,13.901723,true
"Selection Sort","parallel",8,2000,"random",1,11576946,11.576946,true
"Selection Sort","serial",1,2000,"random",2,2198121,2.198121,true
"Selection Sort","parallel",2,2000,"random",2,13063257,13.063257,true
"Selection Sort","parallel",4,2000,"random",2,13350601,13.350601,true
"Selection Sort","parallel",8,2000,"random",2,12303970,12.303970,true
"Selection Sort","serial",1,2000,"random",3,1681118,1.681118,true
"Selection Sort","parallel",2,2000,"random",3,12344286,12.344286,true
"Selection Sort","parallel",4,2000,"random",3,13056440,13.056440,true
"Selection Sort","parallel",8,2000,"random",3,41600134,41.600134,true
"Selection Sort","serial",1,2000,"random",4,2705443,2.705443,true
"Selection Sort","parallel",2,2000,"random",4,16320684,16.320684,true
"Selection Sort","parallel",4,2000,"random",4,12930179,12.930179,true
"Selection Sort","parallel",8,2000,"random",4,10731205,10.731205,true
"Selection Sort","serial",1,2000,"random",5,1779668,1.779668,true
"Selection Sort","parallel",2,2000,"random",5,12390106,12.390106,true
"Selection Sort","parallel",4,2000,"random",5,12796451,12.796451,true
"Selection Sort","parallel",8,2000,"random",5,11328008,11.328008,true
"Selection Sort","serial",1,2000,"sorted",1,1598349,1.598349,true
"Selection Sort","parallel",2,2000,"sorted",1,12545773,12.545773,true
"Selection Sort","parallel",4,2000,"sorted",1,12480812,12.480812,true
"Selection Sort","parallel",8,2000,"sorted",1,10428908,10.428908,true
"Selection Sort","serial",1,2000,"sorted",2,1573309,1.573309,true
"Selection Sort","parallel",2,2000,"sorted",2,12218522,12.218522,true
"Selection Sort","parallel",4,2000,"sorted",2,12730768,12.730768,true
"Selection Sort","parallel",8,2000,"sorted",2,9390877,9.390877,true
"Selection Sort","serial",1,2000,"sorted",3,1579725,1.579725,true
"Selection Sort","parallel",2,2000,"sorted",3,13099243,13.099243,true
"Selection Sort","parallel",4,2000,"sorted",3,12520929,12.520929,true
"Selection Sort","parallel",8,2000,"sorted",3,10355969,10.355969,true
"Selection Sort","serial",1,2000,"sorted",4,1667077,1.667077,true
"Selection Sort","parallel",2,2000,"sorted",4,13617263,13.617263,true
"Selection Sort","parallel",4,2000,"sorted",4,14301333,14.301333,true
"Selection Sort","parallel",8,2000,"sorted",4,9997101,9.997101,true
"Selection Sort","serial",1,2000,"sorted",5,1619098,1.619098,true
"Selection Sort","parallel",2,2000,"sorted",5,12161177,12.161177,true
"Selection Sort","parallel",4,2000,"sorted",5,12720639,12.720639,true
"Selection Sort","parallel",8,2000,"sorted",5,10044388,10.044388,true
"Selection Sort","serial",1,2000,"reversed",1,1532052,1.532052,true
"Selection Sort","parallel",2,2000,"reversed",1,12782941,12.782941,true
"Selection Sort","parallel",4,2000,"reversed",1,13090634,13.090634,true
"Selection Sort","parallel",8,2000,"reversed",1,9172040,9.172040,true
"Selection Sort","serial",1,2000,"reversed",2,1579640,1.579640,true
"Selection Sort","parallel",2,2000,"reversed",2,12681395,12.681395,true
"Selection Sort","parallel",4,2000,"reversed",2,12277594,12.277594,true
"Selection Sort","parallel",8,2000,"reversed",2,8513162,8.513162,true
"Selection Sort","serial",1,2000,"reversed",3,1575140,1.575140,true
"Selection Sort","parallel",2,2000,"reversed",3,13109272,13.109272,true
"Selection Sort","parallel",4,2000,"reversed",3,12609883,12.609883,true
"Selection Sort","parallel",8,2000,"reversed",3,8930601,8.930601,true
"Selection Sort","serial",1,2000,"reversed",4,1528384,1.528384,true
"Selection Sort","parallel",2,2000,"reversed",4,15442368,15.442368,true
"Selection Sort","parallel",4,2000,"reversed",4,13466603,13.466603,true
"Selection Sort","parallel",8,2000,"reversed",4,8996039,8.996039,true
"Selection Sort","serial",1,2000,"reversed",5,1532369,1.532369,true
"Selection Sort","parallel",2,2000,"reversed",5,12364218,12.364218,true
"Selection Sort","parallel",4,2000,"reversed",5,12393261,12.393261,true
"Selection Sort","parallel",8,2000,"reversed",5,8889086,8.889086,true
"Selection Sort","serial",1,2000,"partially_sorted",1,1571927,1.571927,true
"Selection Sort","parallel",2,2000,"partially_sorted",1,12961554,12.961554,true
"Selection Sort","parallel",4,2000,"partially_sorted",1,12476743,12.476743,true
"Selection Sort","parallel",8,2000,"partially_sorted",1,7881528,7.881528,true
"Selection Sort","serial",1,2000,"partially_sorted",2,1580136,1.580136,true
"Selection Sort","parallel",2,2000,"partially_sorted",2,12419238,12.419238,true
"Selection Sort","parallel",4,2000,"partially_sorted",2,12008918,12.008918,true
"Selection Sort","parallel",8,2000,"partially_sorted",2,8316214,8.316214,true
"Selection Sort","serial",1,2000,"partially_sorted",3,1707245,1.707245,true
"Selection Sort","parallel",2,2000,"partially_sorted",3,12342946,12.342946,true
"Selection Sort","parallel",4,2000,"partially_sorted",3,12510046,12.510046,true
"Selection Sort","parallel",8,2000,"partially_sorted",3,8675629,8.675629,true
"Selection Sort","serial",1,2000,"partially_sorted",4,1581754,1.581754,true
"Selection Sort","parallel",2,2000,"partially_sorted",4,12532871,12.532871,true
"Selection Sort","parallel",4,2000,"partially_sorted",4,12499701,12.499701,true
"Selection Sort","parallel",8,2000,"partially_sorted",4,8960046,8.960046,true
"Selection Sort","serial",1,2000,"partially_sorted",5,1576670,1.576670,true
"Selection Sort","parallel",2,2000,"partially_sorted",5,11911542,11.911542,true
"Selection Sort","parallel",4,2000,"partially_sorted",5,11695391,11.695391,true
"Selection Sort","parallel",8,2000,"partially_sorted",5,8609177,8.609177,true
"Selection Sort","serial",1,5000,"random",1,9761291,9.761291,true
"Selection Sort","parallel",2,5000,"random",1,36668540,36.668540,true
"Selection Sort","parallel",4,5000,"random",1,36247308,36.247308,true
"Selection Sort","parallel",8,5000,"random",1,26951941,26.951941,true
"Selection Sort","serial",1,5000,"random",2,9791360,9.791360,true
"Selection Sort","parallel",2,5000,"random",2,36443461,36.443461,true
"Selection Sort","parallel",4,5000,"random",2,35206125,35.206125,true
"Selection Sort","parallel",8,5000,"random",2,28353086,28.353086,true
"Selection Sort","serial",1,5000,"random",3,10091252,10.091252,true
"Selection Sort","parallel",2,5000,"random",3,37814509,37.814509,true
"Selection Sort","parallel",4,5000,"random",3,35146952,35.146952,true
"Selection Sort","parallel",8,5000,"random",3,29685453,29.685453,true
"Selection Sort","serial",1,5000,"random",4,10239218,10.239218,true
"Selection Sort","parallel",2,5000,"random",4,37121776,37.121776,true
"Selection Sort","parallel",4,5000,"random",4,36404586,36.404586,true
"Selection Sort","parallel",8,5000,"random",4,28189368,28.189368,true
"Selection Sort","serial",1,5000,"random",5,9607052,9.607052,true
"Selection Sort","parallel",2,5000,"random",5,37902593,37.902593,true
"Selection Sort","parallel",4,5000,"random",5,36430934,36.430934,true
"Selection Sort","parallel",8,5000,"random",5,28264359,28.264359,true
"Selection Sort","serial",1,5000,"sorted",1,9566001,9.566001,true
"Selection Sort","parallel",2,5000,"sorted",1,35948034,35.948034,true
"Selection Sort","parallel",4,5000,"sorted",1,35936381,35.936381,true
"Selection Sort","parallel",8,5000,"sorted",1,27197945,27.197945,true
"Selection Sort","serial",1,5000,"sorted",2,9288278,9.288278,true
"Selection Sort","parallel",2,5000,"sorted",2,37147319,37.147319,true
"Selection Sort","parallel",4,5000,"sorted",2,36348030,36.348030,true
"Selection Sort","parallel",8,5000,"sorted",2,27253189,27.253189,true
"Selection Sort","serial",1,5000,"sorted",3,9344781,9.344781,true
"Selection Sort","parallel",2,5000,"sorted",3,36012049,36.012049,true
"Selection Sort","parallel",4,5000,"sorted",3,36077320,36.077320,true
"Selection Sort","parallel",8,5000,"sorted",3,27625272,27.625272,true
"Selection Sort","serial",1,5000,"sorted",4,9598010,9.598010,true
"Selection Sort","parallel",2,5000,"sorted",4,35894124,35.894124,true
"Selection Sort","parallel",4,5000,"sorted",4,37028604,37.028604,true
"Selection Sort","parallel",8,5000,"sorted",4,28317351,28.317351,true
"Selection Sort","serial",1,5000,"sorted",5,9348427,9.348427,true
"Selection Sort","parallel",2,5000,"sorted",5,38115271,38.115271,true
"Selection Sort","parallel",4,5000,"sorted",5,38965933,38.965933,true
"Selection Sort","parallel",8,5000,"sorted",5,27069087,27.069087,true
"Selection Sort","serial",1,5000,"reversed",1,9135517,9.135517,true
"Selection Sort","parallel",2,5000,"reversed",1,37354834,37.354834,true
"Selection Sort","parallel",4,5000,"reversed",1,36173907,36.173907,true
"Selection Sort","parallel",8,5000,"reversed",1,27052475,27.052475,true
"Selection Sort","serial",1,5000,"reversed",2,9152188,9.152188,true
"Selection Sort","parallel",2,5000,"reversed",2,36488254,36.488254,true
"Selection Sort","parallel",4,5000,"reversed",2,35620598,35.620598,true
"Selection Sort","parallel",8,5000,"reversed",2,28784933,28.784933,true
"Selection Sort","serial",1,5000,"reversed",3,9964542,9.964542,true
"Selection Sort","parallel",2,5000,"reversed",3,36394416,36.394416,true
"Selection Sort","parallel",4,5000,"reversed",3,35944269,35.944269,true
"Selection Sort","parallel",8,5000,"reversed",3,28415845,28.415845,true
"Selection Sort","serial",1,5000,"reversed",4,9152983,9.152983,true
"Selection Sort","parallel",2,5000,"reversed",4,38255493,38.255493,true
"Selection Sort","parallel",4,5000,"reversed",4,40524382,40.524382,true
"Selection Sort","parallel",8,5000,"reversed",4,28634660,28.634660,true
"Selection Sort","serial",1,5000,"reversed",5,4825947,4.825947,true
"Selection Sort","parallel",2,5000,"reversed",5,36100172,36.100172,true
"Selection Sort","parallel",4,5000,"reversed",5,35603480,35.603480,true
"Selection Sort","parallel",8,5000,"reversed",5,28275758,28.275758,true
"Selection Sort","serial",1,5000,"partially_sorted",1,4184216,4.184216,true
"Selection Sort","parallel",2,5000,"partially_sorted",1,35717790,35.717790,true
"Selection Sort","parallel",4,5000,"partially_sorted",1,35340884,35.340884,true
"Selection Sort","parallel",8,5000,"partially_sorted",1,29209951,29.209951,true
"Selection Sort","serial",1,5000,"partially_sorted",2,4138741,4.138741,true
"Selection Sort","parallel",2,5000,"partially_sorted",2,35178562,35.178562,true
"Selection Sort","parallel",4,5000,"partially_sorted",2,35166854,35.166854,true
"Selection Sort","parallel",8,5000,"partially_sorted",2,28261938,28.261938,true
"Selection Sort","serial",1,5000,"partially_sorted",3,4124556,4.124556,true
"Selection Sort","parallel",2,5000,"partially_sorted",3,37554599,37.554599,true
"Selection Sort","parallel",4,5000,"partially_sorted",3,35097926,35.097926,true
"Selection Sort","parallel",8,5000,"partially_sorted",3,25688054,25.688054,true
"Selection Sort","serial",1,5000,"partially_sorted",4,4182061,4.182061,true
"Selection Sort","parallel",2,5000,"partially_sorted",4,36525985,36.525985,true
"Selection Sort","parallel",4,5000,"partially_sorted",4,35823935,35.823935,true
"Selection Sort","parallel",8,5000,"partially_sorted",4,30735021,30.735021,true
"Selection Sort","serial",1,5000,"partially_sorted",5,4216467,4.216467,true
"Selection Sort","parallel",2,5000,"partially_sorted",5,35903767,35.903767,true
"Selection Sort","parallel",4,5000,"partially_sorted",5,35569114,35.569114,true
"Selection Sort","parallel",8,5000,"partially_sorted",5,26735699,26.735699,true
"Selection Sort","serial",1,10000,"random",1,17612831,17.612831,true
"Selection Sort","parallel",2,10000,"random",1,89025662,89.025662,true
"Selection Sort","parallel",4,10000,"random",1,88884108,88.884108,true
"Selection Sort","parallel",8,10000,"random",1,74401244,74.401244,true
"Selection Sort","serial",1,10000,"random",2,17370259,17.370259,true
"Selection Sort","parallel",2,10000,"random",2,89372577,89.372577,true
"Selection Sort","parallel",4,10000,"random",2,87464499,87.464499,true
"Selection Sort","parallel",8,10000,"random",2,72198298,72.198298,true
"Selection Sort","serial",1,10000,"random",3,18112229,18.112229,true
"Selection Sort","parallel",2,10000,"random",3,86911784,86.911784,true
"Selection Sort","parallel",4,10000,"random",3,87480940,87.480940,true
"Selection Sort","parallel",8,10000,"random",3,82763804,82.763804,true
"Selection Sort","serial",1,10000,"random",4,18055664,18.055664,true
"Selection Sort","parallel",2,10000,"random",4,92327527,92.327527,true
"Selection Sort","parallel",4,10000,"random",4,86554508,86.554508,true
"Selection Sort","parallel",8,10000,"random",4,71949853,71.949853,true
"Selection Sort","serial",1,10000,"random",5,17810414,17.810414,true
"Selection Sort","parallel",2,10000,"random",5,86194648,86.194648,true
"Selection Sort","parallel",4,10000,"random",5,89151160,89.151160,true
"Selection Sort","parallel",8,10000,"random",5,75598107,75.598107,true
"Selection Sort","serial",1,10000,"sorted",1,16788393,16.788393,true
"Selection Sort","parallel",2,10000,"sorted",1,85844364,85.844364,true
"Selection Sort","parallel",4,10000,"sorted",1,83577344,83.577344,true
"Selection Sort","parallel",8,10000,"sorted",1,73394410,73.394410,true
"Selection Sort","serial",1,10000,"sorted",2,16872577,16.872577,true
"Selection Sort","parallel",2,10000,"sorted",2,90195866,90.195866,true
"Selection Sort","parallel",4,10000,"sorted",2,89218981,89.218981,true
"Selection Sort","parallel",8,10000,"sorted",2,76371953,76.371953,true
"Selection Sort","serial",1,10000,"sorted",3,17191434,17.191434,true
"Selection Sort","parallel",2,10000,"sorted",3,88079036,88.079036,true
"Selection Sort","parallel",4,10000,"sorted",3,90677011,90.677011,true
"Selection Sort","parallel",8,10000,"sorted",3,70720689,70.720689,true
"Selection Sort","serial",1,10000,"sorted",4,16703668,16.703668,true
"Selection Sort","parallel",2,10000,"sorted",4,89108648,89.108648,true
"Selection Sort","parallel",4,10000,"sorted",4,118888276,118.888276,true
"Selection Sort","parallel",8,10000,"sorted",4,80629880,80.629880,true
"Selection Sort","serial",1,10000,"sorted",5,16797370,16.797370,true
"Selection Sort","parallel",2,10000,"sorted",5,90491183,90.491183,true
"Selection Sort","parallel",4,10000,"sorted",5,85603956,85.603956,true
"Selection Sort","parallel",8,10000,"sorted",5,69157621,69.157621,true
"Selection Sort","serial",1,10000,"reversed",1,18850282,18.850282,true
"Selection Sort","parallel",2,10000,"reversed",1,90602905,90.602905,true
"Selection Sort","parallel",4,10000,"reversed",1,92915042,92.915042,true
"Selection Sort","parallel",8,10000,"reversed",1,74112320,74.112320,true
"Selection Sort","serial",1,10000,"reversed",2,19931912,19.931912,true
"Selection Sort","parallel",2,10000,"reversed",2,90276197,90.276197,true
"Selection Sort","parallel",4,10000,"reversed",2,88495950,88.495950,true
"Selection Sort","parallel",8,10000,"reversed",2,72578246,72.578246,true
"Selection Sort","serial",1,10000,"reversed",3,19442521,19.442521,true
"Selection Sort","parallel",2,10000,"reversed",3,92155647,92.155647,true
"Selection Sort","parallel",4,10000,"reversed",3,88873658,88.873658,true
"Selection Sort","parallel",8,10000,"reversed",3,73225273,73.225273,true
"Selection Sort","serial",1,10000,"reversed",4,19853969,19.853969,true
"Selection Sort","parallel",2,10000,"reversed",4,94455156,94.455156,true
"Selection Sort","parallel",4,10000,"reversed",4,88787984,88.787984,true
"Selection Sort","parallel",8,10000,"reversed",4,73384645,73.384645,true
"Selection Sort","serial",1,10000,"reversed",5,18617736,18.617736,true
"Selection Sort","parallel",2,10000,"reversed",5,92173494,92.173494,true
"Selection Sort","parallel",4,10000,"reversed",5,87726823,87.726823,true
"Selection Sort","parallel",8,10000,"reversed",5,74969429,74.969429,true
"Selection Sort","serial",1,10000,"partially_sorted",1,18044001,18.044001,true
"Selection Sort","parallel",2,10000,"partially_sorted",1,87094076,87.094076,true
"Selection Sort","parallel",4,10000,"partially_sorted",1,90161112,90.161112,true
"Selection Sort","parallel",8,10000,"partially_sorted",1,71368705,71.368705,true
"Selection Sort","serial",1,10000,"partially_sorted",2,16711013,16.711013,true
"Selection Sort","parallel",2,10000,"partially_sorted",2,88129364,88.129364,true
"Selection Sort","parallel",4,10000,"partially_sorted",2,88316612,88.316612,true
"Selection Sort","parallel",8,10000,"partially_sorted",2,72869846,72.869846,true
"Selection Sort","serial",1,10000,"partially_sorted",3,16729591,16.729591,true
"Selection Sort","parallel",2,10000,"partially_sorted",3,87305534,87.305534,true
"Selection Sort","parallel",4,10000,"partially_sorted",3,86445863,86.445863,true
"Selection Sort","parallel",8,10000,"partially_sorted",3,74141900,74.141900,true
"Selection Sort","serial",1,10000,"partially_sorted",4,17514562,17.514562,true
"Selection Sort","parallel",2,10000,"partially_sorted",4,86409173,86.409173,true
"Selection Sort","parallel",4,10000,"partially_sorted",4,86017920,86.017920,true
"Selection Sort","parallel",8,10000,"partially_sorted",4,70243059,70.243059,true
"Selection Sort","serial",1,10000,"partially_sorted",5,17023169,17.023169,true
"Selection Sort","parallel",2,10000,"partially_sorted",5,87762814,87.762814,true
"Selection Sort","parallel",4,10000,"partially_sorted",5,86140488,86.140488,true
"Selection Sort","parallel",8,10000,"partially_sorted",5,69752572,69.752572,true
